{"learning_rate": 2.485002246616929e-05, "weight_decay": 0.1802756018668522, "warmup_ratio": 0.018819509939976123, "classifier_dropout": 0.16749163342760462, "train_last_n": 4}